{
  "accuracy": 0.9516129032258065,
  "macro_avg": {
    "precision": 0.9530303030303031,
    "recall": 0.9523809523809524,
    "f1-score": 0.9516066589237321,
    "support": 62.0
  },
  "weighted_avg": {
    "precision": 0.9537390029325512,
    "recall": 0.9516129032258065,
    "f1-score": 0.9515941703195835,
    "support": 62.0
  }
}